ave_fitness	ave_genome_length	ave_tree_depth	ave_tree_nodes	ave_used_codons	best_fitness	gen	invalids	max_genome_length	max_tree_depth	max_tree_nodes	max_used_codons	min_genome_length	min_tree_depth	min_tree_nodes	min_used_codons	runtime_error	time_adjust	time_taken	total_inds	total_time	unique_inds	unused_search	
10015.0	21.1	7.7	19.0	14.3	10015	0	0	31	10	28	21	10	6	9	7	0	0	0.06379055976867676	10	0.06379055976867676	0	100.0	
10015.0	24.0	7.777777777777778	19.666666666666668	14.88888888888889	10015	1	2	34	9.0	31.0	23.0	6	6.0	9.0	7.0	0	0	0.0045506954193115234	20	0.06834125518798828	0	100.0	
10015.0	24.4	7.8	20.4	15.3	10015	2	2	47	9	31	23	9	6	9	7	0	0	0.004850864410400391	30	0.07319211959838867	0	100.0	
10015.0	23.1	8.555555555555555	24.0	17.77777777777778	10015	3	4	28	12.0	33.0	24.0	15	7.0	18.0	13.0	0	0	0.004145145416259766	40	0.07733726501464844	0	100.0	
10015.0	23.4	8.75	24.375	18.0	10015	4	7	38	12.0	33.0	24.0	11	7.0	18.0	13.0	0	0	0.00496363639831543	50	0.08230090141296387	0	100.0	
10015.0	28.7	8.3	22.9	16.9	10015	5	7	53	11	32	23	14	6	9	7	0	0	0.006231069564819336	60	0.0885319709777832	0	100.0	
