ave_fitness	ave_genome_length	ave_tree_depth	ave_tree_nodes	ave_used_codons	best_fitness	gen	invalids	max_genome_length	max_tree_depth	max_tree_nodes	max_used_codons	min_genome_length	min_tree_depth	min_tree_nodes	min_used_codons	runtime_error	time_adjust	time_taken	total_inds	total_time	unique_inds	unused_search	
10014.95	18.01	7.1	16.14	12.2	10010	0	0	42	12	37	28	10	6	9	7	0	0	0.10498642921447754	100	0.10498642921447754	0	100.0	
10014.866666666667	16.9	6.84	15.266666666666667	11.56	10010	1	26	42	12.0	37.0	28.0	7	6.0	9.0	7.0	0	0	0.051834821701049805	200	0.15682125091552734	0	100.0	
10014.95	19.4	7.4	17.34	13.11	10010	1	26	52	15	46	35	10	6	9	7	0	0	0.24828505516052246	200	0.4051063060760498	0	100.0	
10014.823529411764	19.52	7.2823529411764705	16.96470588235294	12.83529411764706	10010	1	42	55	14.0	42.0	32.0	5	6.0	9.0	7.0	0	0	0.03847050666809082	200	0.4435768127441406	0	100.0	
10015.0	18.52	7.14	16.61	12.54	10015	1	42	48	12	43	32	10	6	9	7	0	0	0.15434527397155762	200	0.5979220867156982	0	100.0	
10014.82558139535	17.62	6.883720930232558	14.906976744186046	11.348837209302326	10000	1	57	45	12.0	36.0	27.0	5	6.0	9.0	7.0	0	0	0.06496238708496094	200	0.6628844738006592	0	100.0	
