ave_fitness	ave_genome_length	ave_tree_depth	ave_tree_nodes	ave_used_codons	best_fitness	gen	invalids	max_genome_length	max_tree_depth	max_tree_nodes	max_used_codons	min_genome_length	min_tree_depth	min_tree_nodes	min_used_codons	runtime_error	time_adjust	time_taken	total_inds	total_time	unique_inds	unused_search	
10015.0	12.4	6.2	11.2	8.6	10015	0	0	22	7	20	15	10	6	9	7	0	0	0.06661081314086914	5	0.06661081314086914	0	100.0	
10015.0	12.4	6.5	12.75	9.75	10015	1	1	22	7.0	20.0	15.0	4	6.0	9.0	7.0	0	0	0.0014591217041015625	10	0.0680699348449707	0	100.0	
10015.0	19.6	7.0	20.0	15.0	10015	2	3	29	7.0	20.0	15.0	9	7.0	20.0	15.0	0	0	0.0014581680297851562	15	0.06952810287475586	0	100.0	
10015.0	17.0	7.0	15.4	11.6	10015	2	3	28	9	26	19	13	6	12	9	0	0	0.2224712371826172	15	0.29199934005737305	0	100.0	
10015.0	19.4	7.4	17.8	13.2	10015	1	3	28	9	26	19	13	6	12	9	0	0	0.0017521381378173828	10	0.29375147819519043	0	100.0	
10015.0	25.6	7.4	19.4	14.4	10015	2	3	34	9	30	22	14	6	9	7	0	0	0.0015358924865722656	15	0.2952873706817627	0	100.0	
