ave_fitness	ave_genome_length	ave_tree_depth	ave_tree_nodes	ave_used_codons	best_fitness	gen	invalids	max_genome_length	max_tree_depth	max_tree_nodes	max_used_codons	min_genome_length	min_tree_depth	min_tree_nodes	min_used_codons	runtime_error	time_adjust	time_taken	total_inds	total_time	unique_inds	unused_search	
10015.0	19.1	7.3	17.0	12.9	10015	0	0	28	9	25	19	10	6	9	7	0	0	0.06347298622131348	10	0.06347298622131348	0	100.0	
10015.0	18.3	7.4	15.8	12.0	10015	1	1	25	9	21	16	12	6	9	7	0	0	0.004419565200805664	20	0.06789255142211914	0	100.0	
10015.0	22.1	7.7	19.9	14.9	10015	1	1	40	12	36	27	10	6	9	7	0	0	0.22103548049926758	20	0.2889280319213867	0	100.0	
10015.0	20.1	7.6	18.5	14.0	10015	1	2	40	12	36	27	10	6	9	7	0	0	0.0032279491424560547	20	0.2921559810638428	0	100.0	
10015.0	21.3	7.5	19.3	14.4	10015	1	2	54	14	50	36	10	6	9	7	0	0	0.11396074295043945	20	0.4061167240142822	0	100.0	
10015.0	31.5	9.6	28.2	20.8	10015	1	2	54	14	50	36	15	6	12	9	0	0	0.0062983036041259766	20	0.4124150276184082	0	100.0	
