ave_fitness	ave_genome_length	ave_tree_depth	ave_tree_nodes	ave_used_codons	best_fitness	gen	invalids	max_genome_length	max_tree_depth	max_tree_nodes	max_used_codons	min_genome_length	min_tree_depth	min_tree_nodes	min_used_codons	runtime_error	time_adjust	time_taken	total_inds	total_time	unique_inds	unused_search	
10015.0	19.2	7.4	16.8	12.8	10015	0	0	27	8	24	18	15	7	13	10	0	0	0.07158780097961426	5	0.07158780097961426	0	100.0	
10015.0	27.0	8.0	22.8	17.0	10015	1	0	32	9	26	19	22	7	16	12	0	0	0.0024199485778808594	10	0.07400774955749512	0	100.0	
10015.0	24.0	9.25	25.5	19.0	10015	2	1	34	14.0	43.0	31.0	10	6.0	9.0	7.0	0	0	0.0020890235900878906	15	0.07609677314758301	0	100.0	
10015.0	22.0	8.4	19.4	14.8	10015	2	1	33	11	29	22	12	6	10	8	0	0	0.23229289054870605	15	0.30838966369628906	0	100.0	
10015.0	15.2	7.0	14.0	10.75	10015	1	2	19	8.0	17.0	13.0	12	6.0	10.0	8.0	0	0	0.0013718605041503906	10	0.30976152420043945	0	100.0	
10015.0	16.4	7.0	13.333333333333334	10.333333333333334	10015	2	4	23	8.0	17.0	13.0	12	6.0	10.0	8.0	0	0	0.0012404918670654297	15	0.3110020160675049	0	100.0	
10015.0	13.2	6.4	11.8	9.0	10015	2	4	18	7	16	12	10	6	9	7	0	0	0.12245869636535645	15	0.43346071243286133	0	100.0	
10015.0	11.6	6.25	10.0	7.75	10015	1	5	18	7.0	13.0	10.0	6	6.0	9.0	7.0	0	0	0.0011968612670898438	10	0.43465757369995117	0	100.0	
10015.0	14.0	6.4	10.6	8.2	10015	2	5	18	7	13	10	10	6	9	7	0	0	0.0019235610961914062	15	0.4365811347961426	0	100.0	
