ave_fitness	ave_genome_length	ave_tree_depth	ave_tree_nodes	ave_used_codons	best_fitness	gen	invalids	max_genome_length	max_tree_depth	max_tree_nodes	max_used_codons	min_genome_length	min_tree_depth	min_tree_nodes	min_used_codons	runtime_error	time_adjust	time_taken	total_inds	total_time	unique_inds	unused_search	
10015.0	22.7	7.9	20.3	15.3	10015	0	0	39	11	35	26	12	6	10	8	0	0	0.0642399787902832	10	0.0642399787902832	0	100.0	
10015.0	17.2	6.666666666666667	12.88888888888889	10.0	10015	1	2	29	8.0	23.0	17.0	9	6.0	9.0	7.0	0	0	0.004269599914550781	20	0.06850957870483398	0	100.0	
10015.0	18.2	7.1	16.1	12.3	10015	1	2	36	10	33	24	12	6	10	8	0	0	0.22087335586547852	20	0.2893829345703125	0	100.0	
10015.0	17.4	6.1	11.6	9.0	10015	1	3	35	7	19	14	8	6	9	7	0	0	0.004385948181152344	20	0.29376888275146484	0	100.0	
10015.0	18.8	7.3	16.7	12.7	10015	1	3	25	8	23	17	10	6	9	7	0	0	0.11428046226501465	20	0.4080493450164795	0	100.0	
10015.0	17.2	6.8	14.2	10.8	10015	1	3	31	8	23	17	9	6	9	7	0	0	0.0037593841552734375	20	0.41180872917175293	0	100.0	
