ave_fitness	ave_genome_length	ave_tree_depth	ave_tree_nodes	ave_used_codons	best_fitness	gen	invalids	max_genome_length	max_tree_depth	max_tree_nodes	max_used_codons	min_genome_length	min_tree_depth	min_tree_nodes	min_used_codons	runtime_error	time_adjust	time_taken	total_inds	total_time	unique_inds	unused_search	
10015.0	18.27	7.16	16.32	12.38	10015	0	0	57	15	51	38	10	6	9	7	0	0	0.12220191955566406	100	0.12220191955566406	0	100.0	
10015.0	15.92	6.825	13.8375	10.575	10015	1	21	36	11.0	36.0	26.0	4	6.0	9.0	7.0	0	0	0.03380084037780762	200	0.15600275993347168	0	100.0	
10014.75	19.66	7.38	17.6	13.3	10000	1	21	61	15	55	41	10	6	9	7	0	0	0.243668794631958	200	0.3996715545654297	0	100.0	
10014.71590909091	19.98	7.261363636363637	17.318181818181817	13.068181818181818	10000	1	34	61	15.0	55.0	41.0	5	6.0	9.0	7.0	0	0	0.0407254695892334	200	0.4403970241546631	0	100.0	
10014.95	19.48	7.39	17.37	13.16	10010	1	34	58	16	52	39	10	6	9	7	0	0	0.18405723571777344	200	0.6244542598724365	0	100.0	
10014.375	17.74	7.1022727272727275	16.068181818181817	12.170454545454545	9995	1	47	58	16.0	52.0	39.0	7	6.0	9.0	7.0	0	0	0.04258465766906738	200	0.6670389175415039	0	100.0	
