ave_fitness	ave_genome_length	ave_tree_depth	ave_tree_nodes	ave_used_codons	best_fitness	gen	invalids	max_genome_length	max_tree_depth	max_tree_nodes	max_used_codons	min_genome_length	min_tree_depth	min_tree_nodes	min_used_codons	runtime_error	time_adjust	time_taken	total_inds	total_time	unique_inds	unused_search	
10015.0	18.8	7.45	16.75	12.7	10015	0	0	45	13	40	30	10	6	9	7	0	0	0.07220220565795898	20	0.07220220565795898	0	100.0	
10015.0	15.45	6.722222222222222	13.277777777777779	10.166666666666666	10015	1	3	25	8.0	19.0	14.0	10	6.0	9.0	7.0	0	0	0.006598472595214844	40	0.07880067825317383	0	100.0	
10015.0	21.75	7.7	19.45	14.7	10015	1	3	46	12	42	31	10	6	9	7	0	0	0.22649216651916504	40	0.30529284477233887	0	100.0	
10015.0	22.1	7.05	16.85	12.7	10015	1	4	37	10	33	25	11	6	9	7	0	0	0.008614778518676758	40	0.3139076232910156	0	100.0	
10015.0	17.05	6.8	15.35	11.6	10015	1	4	31	9	29	21	10	6	9	7	0	0	0.11795425415039062	40	0.43186187744140625	0	100.0	
10015.0	19.75	7.055555555555555	16.944444444444443	12.88888888888889	10015	1	7	38	10.0	33.0	24.0	8	6.0	9.0	7.0	0	0	0.008860588073730469	40	0.4407224655151367	0	100.0	
