ave_fitness	ave_genome_length	ave_tree_depth	ave_tree_nodes	ave_used_codons	best_fitness	gen	invalids	max_genome_length	max_tree_depth	max_tree_nodes	max_used_codons	min_genome_length	min_tree_depth	min_tree_nodes	min_used_codons	runtime_error	time_adjust	time_taken	total_inds	total_time	unique_inds	unused_search	
10015.0	19.866666666666667	7.366666666666666	17.8	13.433333333333334	10015	0	0	45	11	41	30	10	6	9	7	0	0	0.07358264923095703	30	0.07358264923095703	0	100.0	
10015.0	19.533333333333335	6.851851851851852	16.444444444444443	12.333333333333334	10015	1	4	48	10.0	41.0	30.0	9	6.0	10.0	8.0	0	0	0.01024317741394043	60	0.08382582664489746	0	100.0	
10015.0	21.3	6.961538461538462	16.346153846153847	12.346153846153847	10015	2	9	47	10.0	41.0	30.0	8	6.0	9.0	7.0	0	0	0.01271367073059082	90	0.09653949737548828	0	100.0	
10015.0	17.033333333333335	6.933333333333334	15.2	11.566666666666666	10015	2	9	30	10	27	20	10	6	9	7	0	0	0.23612689971923828	90	0.33266639709472656	0	100.0	
10015.0	17.5	6.857142857142857	14.5	11.071428571428571	10015	1	12	30	9.0	24.0	18.0	7	6.0	9.0	7.0	0	0	0.011721611022949219	60	0.3443880081176758	0	100.0	
10015.0	13.466666666666667	6.476190476190476	12.904761904761905	9.857142857142858	10015	2	22	31	11.0	37.0	27.0	4	6.0	9.0	7.0	0	0	0.008975744247436523	90	0.3533637523651123	0	100.0	
10014.5	20.866666666666667	7.366666666666666	18.866666666666667	14.133333333333333	10000	2	22	34	10	30	23	10	6	9	7	0	0	0.13219857215881348	90	0.4855623245239258	0	100.0	
10014.444444444445	22.333333333333332	7.296296296296297	18.88888888888889	14.11111111111111	10000	1	26	36	10.0	30.0	23.0	9	6.0	9.0	7.0	0	0	0.013341903686523438	60	0.4989042282104492	0	100.0	
10014.375	18.7	7.208333333333333	17.916666666666668	13.375	10000	2	33	42	9.0	29.0	21.0	5	6.0	9.0	7.0	0	0	0.010625839233398438	90	0.5095300674438477	0	100.0	
