ave_fitness	ave_genome_length	ave_tree_depth	ave_tree_nodes	ave_used_codons	best_fitness	gen	invalids	max_genome_length	max_tree_depth	max_tree_nodes	max_used_codons	min_genome_length	min_tree_depth	min_tree_nodes	min_used_codons	runtime_error	time_adjust	time_taken	total_inds	total_time	unique_inds	unused_search	
10014.9	18.92	7.26	16.88	12.78	10010	0	0	49	13	44	33	10	6	9	7	0	0	0.09004950523376465	50	0.09004950523376465	0	100.0	
10014.767441860466	17.94	7.186046511627907	15.883720930232558	12.13953488372093	10010	1	8	29	10.0	26.0	20.0	6	6.0	9.0	7.0	0	0	0.02001190185546875	100	0.1100614070892334	0	100.0	
10014.7	20.14	7.6	17.94	13.6	10000	1	8	34	11	30	23	10	6	9	7	0	0	0.23384332656860352	100	0.3439047336578369	0	100.0	
10014.65909090909	21.04	7.590909090909091	17.15909090909091	13.045454545454545	10000	1	15	41	11.0	29.0	22.0	4	6.0	9.0	7.0	0	0	0.020157337188720703	100	0.3640620708465576	0	100.0	
10015.0	18.5	7.12	16.56	12.52	10015	1	15	54	11	50	36	10	6	9	7	0	0	0.13193202018737793	100	0.49599409103393555	0	100.0	
10015.0	19.18	7.256410256410256	16.487179487179485	12.461538461538462	10015	1	27	42	12.0	41.0	29.0	5	6.0	9.0	7.0	0	0	0.01621532440185547	100	0.512209415435791	0	100.0	
