ave_fitness	ave_genome_length	ave_tree_depth	ave_tree_nodes	ave_used_codons	best_fitness	gen	invalids	max_genome_length	max_tree_depth	max_tree_nodes	max_used_codons	min_genome_length	min_tree_depth	min_tree_nodes	min_used_codons	runtime_error	time_adjust	time_taken	total_inds	total_time	unique_inds	unused_search	
10015.0	17.0	6.8	15.2	11.6	10015	0	0	37	10	33	25	10	6	9	7	0	0	0.06144142150878906	5	0.06144142150878906	0	100.0	
10015.0	12.2	6.0	11.0	8.4	10015	1	0	13	6	12	9	10	6	9	7	0	0	0.0018582344055175781	10	0.06329965591430664	0	100.0	
10015.0	11.4	6.333333333333333	11.666666666666666	9.0	10015	2	2	19	7.0	16.0	12.0	6	6.0	9.0	7.0	0	0	0.001207590103149414	15	0.06450724601745605	0	100.0	
10015.0	16.6	6.6	14.8	11.2	10015	2	2	27	8	24	18	10	6	9	7	0	0	0.22662878036499023	15	0.2911360263824463	0	100.0	
10015.0	22.2	7.25	20.0	15.0	10015	1	3	25	8.0	24.0	18.0	15	6.0	13.0	10.0	0	0	0.0016078948974609375	10	0.2927439212799072	0	100.0	
10015.0	18.6	6.6	16.6	12.6	10015	2	3	26	8	25	19	14	6	12	9	0	0	0.0023651123046875	15	0.2951090335845947	0	100.0	
10015.0	12.4	6.4	10.8	8.4	10015	2	3	15	7	13	10	10	6	9	7	0	0	0.12244772911071777	15	0.4175567626953125	0	100.0	
10015.0	13.2	6.4	12.2	9.4	10015	1	3	15	7	18	13	12	6	10	8	0	0	0.0020449161529541016	10	0.4196016788482666	0	100.0	
10015.0	13.8	6.333333333333333	12.666666666666666	9.666666666666666	10015	2	5	17	7.0	18.0	13.0	10	6.0	10.0	8.0	0	0	0.0012500286102294922	15	0.4208517074584961	0	100.0	
