ave_fitness	ave_genome_length	ave_tree_depth	ave_tree_nodes	ave_used_codons	best_fitness	gen	invalids	max_genome_length	max_tree_depth	max_tree_nodes	max_used_codons	min_genome_length	min_tree_depth	min_tree_nodes	min_used_codons	runtime_error	time_adjust	time_taken	total_inds	total_time	unique_inds	unused_search	
10015.0	12.6	6.0	11.2	8.6	10015	0	0	16	6	15	11	10	6	9	7	0	0	0.0663750171661377	5	0.0663750171661377	0	100.0	
10015.0	12.0	6.0	10.0	7.75	10015	1	1	18	6.0	13.0	10.0	7	6.0	9.0	7.0	0	0	0.0016527175903320312	10	0.06802773475646973	0	100.0	
10015.0	11.6	6.0	10.333333333333334	8.0	10015	2	3	19	6.0	13.0	10.0	4	6.0	9.0	7.0	0	0	0.0015308856964111328	15	0.06955862045288086	0	100.0	
10015.0	15.0	6.8	13.4	10.2	10015	2	3	21	8	19	14	10	6	9	7	0	0	0.22508621215820312	15	0.294644832611084	0	100.0	
10015.0	18.0	7.2	16.2	12.2	10015	1	3	21	8	19	14	10	6	9	7	0	0	0.0015022754669189453	10	0.29614710807800293	0	100.0	
10015.0	21.0	7.0	19.0	14.0	10015	2	4	28	7.0	19.0	14.0	14	7.0	19.0	14.0	0	0	0.0013191699981689453	15	0.2974662780761719	0	100.0	
10015.0	20.8	7.2	18.6	14.0	10015	2	4	46	11	42	31	10	6	9	7	0	0	0.12266302108764648	15	0.42012929916381836	0	100.0	
10015.0	26.8	8.0	22.5	17.0	10015	1	5	46	11.0	42.0	31.0	12	6.0	10.0	8.0	0	0	0.0023758411407470703	10	0.42250514030456543	0	100.0	
10015.0	24.4	6.4	14.2	10.8	10015	2	5	36	7	20	15	18	6	10	8	0	0	0.0023910999298095703	15	0.424896240234375	0	100.0	
