ave_fitness	ave_genome_length	ave_tree_depth	ave_tree_nodes	ave_used_codons	best_fitness	gen	invalids	max_genome_length	max_tree_depth	max_tree_nodes	max_used_codons	min_genome_length	min_tree_depth	min_tree_nodes	min_used_codons	runtime_error	time_adjust	time_taken	total_inds	total_time	unique_inds	unused_search	
10015.0	17.41	6.97	15.55	11.81	10015	0	0	45	12	41	30	10	6	9	7	0	0	0.10750961303710938	100	0.10750961303710938	0	100.0	
10015.0	18.85	7.3	17.0625	13.0	10015	1	21	49	12.0	41.0	30.0	4	6.0	9.0	7.0	0	0	0.05883049964904785	200	0.16634011268615723	0	100.0	
10014.8	18.64	7.17	16.63	12.62	10000	1	21	69	15	62	46	10	6	9	7	0	0	0.2426762580871582	200	0.40901637077331543	0	100.0	
9894.409791283153	19.87	7.192771084337349	16.337349397590362	12.373493975903614	26.01267650163207	1	39	63	12.0	39.0	29.0	5	6.0	9.0	7.0	0	0	0.036215782165527344	200	0.4452321529388428	0	100.0	
9914.985386033111	17.8	7.06	15.88	12.05	33.53860331117452	1	39	36	11	32	24	10	6	9	7	0	0	0.15813946723937988	200	0.6033716201782227	0	100.0	
9771.000941544175	17.72	7.012195121951219	15.841463414634147	12.048780487804878	33.53860331117452	1	58	39	10.0	34.0	25.0	5	6.0	9.0	7.0	0	0	0.0650942325592041	200	0.6684658527374268	0	100.0	
