ave_fitness	ave_genome_length	ave_tree_depth	ave_tree_nodes	ave_used_codons	best_fitness	gen	invalids	max_genome_length	max_tree_depth	max_tree_nodes	max_used_codons	min_genome_length	min_tree_depth	min_tree_nodes	min_used_codons	runtime_error	time_adjust	time_taken	total_inds	total_time	unique_inds	unused_search	
10015.0	18.44	7.2	16.45	12.48	10015	0	0	52	14	46	35	10	6	9	7	0	0	0.1256723403930664	100	0.1256723403930664	0	100.0	
10015.0	17.66	7.0120481927710845	15.506024096385541	11.80722891566265	10015	1	18	58	14.0	46.0	35.0	4	6.0	9.0	7.0	0	0	0.03662681579589844	200	0.16229915618896484	0	100.0	
