ave_fitness	ave_genome_length	ave_tree_depth	ave_tree_nodes	ave_used_codons	best_fitness	gen	invalids	max_genome_length	max_tree_depth	max_tree_nodes	max_used_codons	min_genome_length	min_tree_depth	min_tree_nodes	min_used_codons	runtime_error	time_adjust	time_taken	total_inds	total_time	unique_inds	unused_search	
10015.0	14.8	6.6	13.2	10.0	10015	0	0	19	7	18	13	10	6	9	7	0	0	0.060573577880859375	5	0.060573577880859375	0	100.0	
10015.0	14.0	6.75	13.0	10.0	10015	1	1	24	8.0	17.0	13.0	6	6.0	9.0	7.0	0	0	0.0020012855529785156	10	0.06257486343383789	0	100.0	
10015.0	13.2	6.2	10.6	8.2	10015	2	1	24	7	13	10	10	6	9	7	0	0	0.0019183158874511719	15	0.06449317932128906	0	100.0	
10015.0	21.0	7.4	18.8	14.0	10015	2	1	30	8	27	20	15	7	13	10	0	0	0.22599244117736816	15	0.2904856204986572	0	100.0	
10015.0	19.8	7.2	17.8	13.2	10015	1	1	21	8	19	14	18	7	16	12	0	0	0.0017580986022949219	10	0.29224371910095215	0	100.0	
10015.0	18.6	7.0	15.25	11.5	10015	2	2	23	7.0	16.0	12.0	16	7.0	13.0	10.0	0	0	0.0015063285827636719	15	0.2937500476837158	0	100.0	
10015.0	12.8	6.4	11.4	8.8	10015	2	2	16	7	14	11	10	6	9	7	0	0	0.12255382537841797	15	0.4163038730621338	0	100.0	
10015.0	15.2	7.666666666666667	16.0	12.333333333333334	10015	1	4	26	9.0	21.0	16.0	6	7.0	13.0	10.0	0	0	0.0013010501861572266	10	0.417604923248291	0	100.0	
10015.0	20.2	8.333333333333334	18.333333333333332	14.0	10015	2	6	37	9.0	21.0	16.0	6	7.0	13.0	10.0	0	0	0.0014107227325439453	15	0.41901564598083496	0	100.0	
