ave_fitness	ave_genome_length	ave_tree_depth	ave_tree_nodes	ave_used_codons	best_fitness	gen	invalids	max_genome_length	max_tree_depth	max_tree_nodes	max_used_codons	min_genome_length	min_tree_depth	min_tree_nodes	min_used_codons	runtime_error	time_adjust	time_taken	total_inds	total_time	unique_inds	unused_search	
10014.95	17.44	7.08	15.6	11.82	10010	0	0	36	11	34	24	10	6	9	7	0	0	0.1046454906463623	100	0.1046454906463623	0	100.0	
10014.875	15.86	6.7625	13.95	10.6	10010	1	21	39	11.0	34.0	24.0	5	6.0	9.0	7.0	0	0	0.04912090301513672	200	0.15376639366149902	0	100.0	
10015.0	19.06	7.41	16.95	12.86	10015	1	21	43	13	39	29	10	6	9	7	0	0	0.23989248275756836	200	0.3936588764190674	0	100.0	
10015.0	19.46	7.43010752688172	16.956989247311828	12.849462365591398	10015	1	29	43	13.0	39.0	29.0	5	6.0	9.0	7.0	0	0	0.0408322811126709	200	0.4344911575317383	0	100.0	
9915.414348891352	19.64	7.39	17.6	13.28	56.43488913511872	1	29	63	15	56	42	10	6	9	7	0	0	0.15504217147827148	200	0.5895333290100098	0	100.0	
9783.114764863607	20.15	7.476744186046512	17.58139534883721	13.290697674418604	56.43488913511872	1	44	69	15.0	56.0	42.0	7	6.0	9.0	7.0	0	0	0.06610727310180664	200	0.6556406021118164	0	100.0	
