ave_fitness	ave_genome_length	ave_tree_depth	ave_tree_nodes	ave_used_codons	best_fitness	gen	invalids	max_genome_length	max_tree_depth	max_tree_nodes	max_used_codons	min_genome_length	min_tree_depth	min_tree_nodes	min_used_codons	runtime_error	time_adjust	time_taken	total_inds	total_time	unique_inds	unused_search	
10015.0	18.0	6.966666666666667	16.133333333333333	12.2	10015	0	0	36	10	33	24	10	6	9	7	0	0	0.07224202156066895	30	0.07224202156066895	0	100.0	
10015.0	17.133333333333333	6.615384615384615	14.076923076923077	10.73076923076923	10015	1	5	34	8.0	21.0	16.0	8	6.0	9.0	7.0	0	0	0.010686397552490234	60	0.08292841911315918	0	100.0	
10014.791666666666	17.6	6.875	15.041666666666666	11.5	10010	2	12	40	8.0	24.0	18.0	8	6.0	9.0	7.0	0	0	0.010516166687011719	90	0.0934445858001709	0	100.0	
10015.0	19.066666666666666	7.266666666666667	17.166666666666668	12.933333333333334	10015	2	12	28	10	25	19	10	6	9	7	0	0	0.24262213706970215	90	0.33606672286987305	0	100.0	
10015.0	21.166666666666668	7.48	18.84	14.12	10015	1	18	31	11.0	30.0	23.0	11	6.0	10.0	8.0	0	0	0.01145625114440918	60	0.3475229740142822	0	100.0	
10015.0	24.033333333333335	7.892857142857143	18.5	13.964285714285714	10015	2	21	36	12.0	34.0	26.0	8	6.0	9.0	7.0	0	0	0.011643409729003906	90	0.35916638374328613	0	100.0	
10015.0	17.9	7.166666666666667	15.9	12.1	10015	2	21	37	10	33	25	10	6	9	7	0	0	0.13316559791564941	90	0.49233198165893555	0	100.0	
10015.0	18.366666666666667	7.111111111111111	15.222222222222221	11.666666666666666	10015	1	25	28	9.0	22.0	17.0	9	6.0	9.0	7.0	0	0	0.012506961822509766	60	0.5048389434814453	0	100.0	
10015.0	18.033333333333335	7.130434782608695	14.391304347826088	11.130434782608695	10015	2	33	28	9.0	21.0	16.0	7	6.0	9.0	7.0	0	0	0.010511159896850586	90	0.5153501033782959	0	100.0	
