ave_fitness	ave_genome_length	ave_tree_depth	ave_tree_nodes	ave_used_codons	best_fitness	gen	invalids	max_genome_length	max_tree_depth	max_tree_nodes	max_used_codons	min_genome_length	min_tree_depth	min_tree_nodes	min_used_codons	runtime_error	time_adjust	time_taken	total_inds	total_time	unique_inds	unused_search	
10015.0	16.6	7.0	14.5	11.2	10015	0	0	34	11	30	23	10	6	9	7	0	0	0.06923246383666992	10	0.06923246383666992	0	100.0	
10015.0	18.3	7.888888888888889	17.444444444444443	13.222222222222221	10015	1	2	39	11.0	32.0	23.0	5	6.0	9.0	7.0	0	0	0.004029989242553711	20	0.07326245307922363	0	100.0	
10015.0	24.1	8.2	21.6	16.3	10015	1	2	67	17	60	45	10	6	9	7	0	0	0.2182304859161377	20	0.29149293899536133	0	100.0	
10015.0	27.2	8.8	23.3	17.7	10015	1	3	67	17	60	45	10	6	9	7	0	0	0.00469517707824707	20	0.2961881160736084	0	100.0	
10014.5	18.9	7.0	17.1	12.8	10010	1	3	28	8	26	19	10	6	9	7	0	0	0.12089681625366211	20	0.4170849323272705	0	100.0	
10014.5	18.5	7.0	15.5	11.7	10010	1	4	29	8	22	17	8	6	9	7	0	0	0.005812406539916992	20	0.4228973388671875	0	100.0	
