ave_fitness	ave_genome_length	ave_tree_depth	ave_tree_nodes	ave_used_codons	best_fitness	gen	invalids	max_genome_length	max_tree_depth	max_tree_nodes	max_used_codons	min_genome_length	min_tree_depth	min_tree_nodes	min_used_codons	runtime_error	time_adjust	time_taken	total_inds	total_time	unique_inds	unused_search	
10015.0	17.25	7.06	15.41	11.71	10015	0	0	51	14	45	34	10	6	9	7	0	0	0.10085892677307129	100	0.10085892677307129	0	100.0	
10015.0	16.62	6.858974358974359	14.564102564102564	11.064102564102564	10015	1	23	43	12.0	34.0	26.0	6	6.0	9.0	7.0	0	0	0.05095314979553223	200	0.15181207656860352	0	100.0	
10015.0	19.29	7.23	17.3	13.04	10015	1	23	51	11	46	34	10	6	9	7	0	0	0.23827075958251953	200	0.39008283615112305	0	100.0	
10015.0	19.56	7.2926829268292686	16.548780487804876	12.5	10015	1	42	38	14.0	45.0	34.0	5	6.0	9.0	7.0	0	0	0.031937360763549805	200	0.42202019691467285	0	100.0	
