ave_fitness	ave_genome_length	ave_tree_depth	ave_tree_nodes	ave_used_codons	best_fitness	gen	invalids	max_genome_length	max_tree_depth	max_tree_nodes	max_used_codons	min_genome_length	min_tree_depth	min_tree_nodes	min_used_codons	runtime_error	time_adjust	time_taken	total_inds	total_time	unique_inds	unused_search	
10014.85	17.89	7.17	16.01	12.12	10000	0	0	43	13	40	29	10	6	9	7	0	0	0.10621118545532227	100	0.10621118545532227	0	100.0	
10014.817073170732	17.89	7.109756097560975	15.621951219512194	11.865853658536585	10000	1	19	43	12.0	40.0	29.0	6	6.0	9.0	7.0	0	0	0.05250906944274902	200	0.1587202548980713	0	100.0	
10015.0	18.28	7.09	16.39	12.39	10015	1	19	49	11	45	33	10	6	9	7	0	0	0.23969793319702148	200	0.3984181880950928	0	100.0	
10014.82142857143	15.54	6.7023809523809526	13.857142857142858	10.583333333333334	10000	1	36	33	9.0	30.0	22.0	6	6.0	9.0	7.0	0	0	0.03380632400512695	200	0.4322245121002197	0	100.0	
10014.95	20.31	7.55	18.09	13.7	10010	1	36	48	14	42	32	10	6	9	7	0	0	0.1757197380065918	200	0.6079442501068115	0	100.0	
10014.942528735632	19.63	7.172413793103448	16.436781609195403	12.448275862068966	10010	1	50	45	11.0	36.0	27.0	4	6.0	9.0	7.0	0	0	0.06368660926818848	200	0.671630859375	0	100.0	
