ave_fitness	ave_genome_length	ave_tree_depth	ave_tree_nodes	ave_used_codons	best_fitness	gen	invalids	max_genome_length	max_tree_depth	max_tree_nodes	max_used_codons	min_genome_length	min_tree_depth	min_tree_nodes	min_used_codons	runtime_error	time_adjust	time_taken	total_inds	total_time	unique_inds	unused_search	
10015.0	18.2	7.25	16.05	12.25	10015	0	0	30	10	26	20	10	6	9	7	0	0	0.07885885238647461	20	0.07885885238647461	0	100.0	
10015.0	21.6	7.411764705882353	17.235294117647058	13.058823529411764	10015	1	4	35	10.0	26.0	20.0	11	6.0	9.0	7.0	0	0	0.007397651672363281	40	0.08625650405883789	0	100.0	
10015.0	20.4	7.55	18.1	13.75	10015	1	4	37	11	34	25	10	6	9	7	0	0	0.2238602638244629	40	0.3101167678833008	0	100.0	
10015.0	19.8	7.315789473684211	19.0	14.263157894736842	10015	1	6	33	9.0	29.0	22.0	10	6.0	9.0	7.0	0	0	0.009056568145751953	40	0.31917333602905273	0	100.0	
10014.75	17.8	7.05	15.9	12.1	10010	1	6	31	9	28	21	10	6	9	7	0	0	0.12032032012939453	40	0.43949365615844727	0	100.0	
10014.722222222223	17.55	7.277777777777778	17.166666666666668	13.0	10010	1	9	34	11.0	33.0	25.0	5	6.0	9.0	7.0	0	0	0.007365703582763672	40	0.44685935974121094	0	100.0	
