ave_fitness	ave_genome_length	ave_tree_depth	ave_tree_nodes	ave_used_codons	best_fitness	gen	invalids	max_genome_length	max_tree_depth	max_tree_nodes	max_used_codons	min_genome_length	min_tree_depth	min_tree_nodes	min_used_codons	runtime_error	time_adjust	time_taken	total_inds	total_time	unique_inds	unused_search	
10014.85	17.17	7.01	15.33	11.65	10000	0	0	48	12	43	32	10	6	9	7	0	0	0.10273933410644531	100	0.10273933410644531	0	100.0	
10014.565217391304	17.49	7.36231884057971	16.318840579710145	12.44927536231884	10000	1	32	38	10.0	29.0	22.0	4	6.0	9.0	7.0	0	0	0.050862789154052734	200	0.15360212326049805	0	100.0	
10015.0	18.18	7.11	16.25	12.32	10015	1	32	55	14	50	37	10	6	9	7	0	0	0.24138998985290527	200	0.3949921131134033	0	100.0	
10015.0	18.1	7.135802469135802	15.962962962962964	12.148148148148149	10015	1	52	55	11.0	37.0	27.0	5	6.0	9.0	7.0	0	0	0.035479068756103516	200	0.43047118186950684	0	100.0	
10015.0	17.4	6.98	15.54	11.79	10015	1	52	39	10	36	26	10	6	9	7	0	0	0.1518878936767578	200	0.5823590755462646	0	100.0	
10015.0	16.87	6.8375	14.3125	10.9125	10015	1	73	40	9.0	32.0	24.0	5	6.0	9.0	7.0	0	0	0.05827808380126953	200	0.6406371593475342	0	100.0	
