ave_fitness	ave_genome_length	ave_tree_depth	ave_tree_nodes	ave_used_codons	best_fitness	gen	invalids	max_genome_length	max_tree_depth	max_tree_nodes	max_used_codons	min_genome_length	min_tree_depth	min_tree_nodes	min_used_codons	runtime_error	time_adjust	time_taken	total_inds	total_time	unique_inds	unused_search	
10015.0	15.6	7.0	13.8	10.6	10015	0	0	24	9	21	16	10	6	9	7	0	0	0.06219768524169922	5	0.06219768524169922	0	100.0	
10015.0	19.2	7.25	15.0	11.25	10015	1	1	34	9.0	21.0	16.0	9	6.0	9.0	7.0	0	0	0.0016162395477294922	10	0.06381392478942871	0	100.0	
10015.0	21.2	7.6	17.6	13.2	10015	2	1	34	12	33	25	10	6	9	7	0	0	0.0017697811126708984	15	0.06558370590209961	0	100.0	
10015.0	15.0	6.4	13.6	10.2	10015	2	1	27	8	25	18	10	6	9	7	0	0	0.22553229331970215	15	0.29111599922180176	0	100.0	
10015.0	20.6	7.8	20.4	15.0	10015	1	1	27	9	26	19	12	7	13	10	0	0	0.0016984939575195312	10	0.2928144931793213	0	100.0	
10015.0	18.0	7.2	17.0	12.6	10015	2	1	27	8	25	18	12	6	9	7	0	0	0.0014014244079589844	15	0.2942159175872803	0	100.0	
10015.0	19.8	7.0	17.8	13.4	10015	2	1	30	8	27	20	13	6	12	9	0	0	0.12334823608398438	15	0.41756415367126465	0	100.0	
10015.0	14.6	6.5	11.75	9.0	10015	1	2	17	7.0	13.0	10.0	13	6.0	9.0	7.0	0	0	0.0015287399291992188	10	0.41909289360046387	0	100.0	
10015.0	13.8	6.2	13.2	10.0	10015	2	2	16	7	16	12	12	6	12	9	0	0	0.0019371509552001953	15	0.42103004455566406	0	100.0	
