ave_fitness	ave_genome_length	ave_tree_depth	ave_tree_nodes	ave_used_codons	best_fitness	gen	invalids	max_genome_length	max_tree_depth	max_tree_nodes	max_used_codons	min_genome_length	min_tree_depth	min_tree_nodes	min_used_codons	runtime_error	time_adjust	time_taken	total_inds	total_time	unique_inds	unused_search	
10015.0	19.28	7.42	17.34	13.06	10015	0	0	40	13	38	27	10	6	9	7	0	0	0.08766031265258789	50	0.08766031265258789	0	100.0	
10014.878048780487	17.84	7.195121951219512	15.560975609756097	11.804878048780488	10010	1	10	40	13.0	38.0	27.0	6	6.0	9.0	7.0	0	0	0.018119335174560547	100	0.10577964782714844	0	100.0	
10015.0	18.46	7.08	16.42	12.48	10015	1	10	51	12	46	34	10	6	9	7	0	0	0.24214482307434082	100	0.34792447090148926	0	100.0	
10015.0	17.72	7.052631578947368	15.447368421052632	11.789473684210526	10015	1	23	39	10.0	28.0	21.0	5	6.0	9.0	7.0	0	0	0.018346786499023438	100	0.3662712574005127	0	100.0	
10015.0	17.34	7.22	15.4	11.76	10015	1	23	55	16	51	37	10	6	9	7	0	0	0.13003921508789062	100	0.4963104724884033	0	100.0	
10015.0	16.16	6.871794871794871	14.307692307692308	10.923076923076923	10015	1	35	37	15.0	44.0	32.0	6	6.0	9.0	7.0	0	0	0.017425060272216797	100	0.5137355327606201	0	100.0	
