ave_fitness	ave_genome_length	ave_tree_depth	ave_tree_nodes	ave_used_codons	best_fitness	gen	invalids	max_genome_length	max_tree_depth	max_tree_nodes	max_used_codons	min_genome_length	min_tree_depth	min_tree_nodes	min_used_codons	runtime_error	time_adjust	time_taken	total_inds	total_time	unique_inds	unused_search	
10015.0	17.58	7.06	15.7	11.9	10015	0	0	34	11	30	23	10	6	9	7	0	0	0.08031678199768066	50	0.08031678199768066	0	100.0	
10015.0	17.46	7.023809523809524	16.30952380952381	12.285714285714286	10015	1	9	38	10.0	31.0	23.0	7	6.0	9.0	7.0	0	0	0.018847227096557617	100	0.09916400909423828	0	100.0	
10014.7	17.32	6.96	15.34	11.72	10000	1	9	36	10	32	24	10	6	9	7	0	0	0.2349863052368164	100	0.3341503143310547	0	100.0	
10014.634146341463	17.1	7.121951219512195	15.682926829268293	11.926829268292684	10000	1	19	36	10.0	32.0	24.0	6	6.0	9.0	7.0	0	0	0.019069671630859375	100	0.35321998596191406	0	100.0	
