ave_fitness	ave_genome_length	ave_tree_depth	ave_tree_nodes	ave_used_codons	best_fitness	gen	invalids	max_genome_length	max_tree_depth	max_tree_nodes	max_used_codons	min_genome_length	min_tree_depth	min_tree_nodes	min_used_codons	runtime_error	time_adjust	time_taken	total_inds	total_time	unique_inds	unused_search	
10015.0	22.6	7.6	20.25	15.3	10015	0	0	58	15	52	39	10	6	9	7	0	0	0.06979918479919434	20	0.06979918479919434	0	100.0	
10015.0	23.85	7.157894736842105	19.31578947368421	14.578947368421053	10015	1	2	41	11.0	35.0	26.0	13	6.0	12.0	9.0	0	0	0.009344339370727539	40	0.07914352416992188	0	100.0	
10015.0	24.5	8.0	22.0	16.5	10015	1	2	48	13	43	32	10	6	9	7	0	0	0.2214047908782959	40	0.3005483150482178	0	100.0	
10015.0	22.1	7.35	18.65	14.0	10015	1	3	45	11	35	25	10	6	9	7	0	0	0.0070323944091796875	40	0.30758070945739746	0	100.0	
10015.0	17.7	7.25	15.75	11.95	10015	1	3	36	9	32	24	10	6	9	7	0	0	0.12258005142211914	40	0.4301607608795166	0	100.0	
10015.0	18.1	7.4	16.333333333333332	12.333333333333334	10015	1	9	40	9.0	25.0	19.0	12	6.0	9.0	7.0	0	0	0.007600545883178711	40	0.4377613067626953	0	100.0	
